Nome,Sede,Indirizzo,Latitudine,Longitudine,Descrizione
Baby Little Home Breguzzo,Breg Adventure Park,Località Pont'Arnò - 38081 Breguzzo,46.029.150,10.650.802,"Le mamme e i lori piccoli potranno usufruire dei comfort di questa piccola dimora a loro dedicata. In uno spazio di circa 30 mq. offre un servizio importante agli utenti del parco, al suo interno ospita un fasciatoio, un angolo giochi e i servizi igienici. E' situata nell'ampio parco pubblico adiacente al Breg Adventure: un'area ""perfetta"" per le famiglie, attrezzata con tavoli, panchine e una decina di piazzole per il barbecue."
Baby Little Home Fogazzaro,Centro Sportivo G. Manazzon,"Via Antonio Fogazzaro, 4 - 38100 Trento",46.056.496,11.129.962,"è un luogo tranquillo, pulito e riservato che nasce dall’esigenza di conciliare i tempi di vita della mamma con quelli del bambino. L’allattamento, soprattutto quando è a richiesta, comporta per la mamma grandi difficoltà nell’uscire fuori casa perché spesso è difficile, se non impossibile, trovare uno spazio dove allattare e cambiare il proprio bambino."
Baby Little Home Roncegno,Giardini,Piazza Montebello - 38050 Roncegno Terme,"46,0527267","11,4103486","La casetta è un luogo protetto, confortevole e sicuro dove è possibile cambiare e allattare i piccoli, scaldare e preparare il biberon."
Baby Little Home Pinzolo,Parco Giochi Pineta,Parco Pineta  Pineta - 38086 Pinzolo,"46,1549306","10,7581997","La baby home si trova in un luogo principalmente frequentato da famiglie, vicino al fiume Sarca, nella frescura di una pineta secolare."
Baby Little Home Cavalese,Parco della Pieve,Viale Mendini - Cavalese,46.287.269,11.462.086,http://www.mimmama.it/wp-content/uploads/2013/05/Locandina_CavaleseBLH2011.pdf
Baby Little Home Cles,Baby house,"Viale Alcide De Gasperi, 17 - 38023 Cles","46,3641716","11,0346374","A Cles la Little baby home si trova  presso il Giardino di Legno di viale Degasperi in centro storico. All’interno, in un ambiente riscaldato in inverno, si trova tutto quanto serve per consentire alle mamme di accudire ai propri bambini. fasciatoio, scaldabiberon, una seduta per l’allattamento, lo spazio per il passeggino."
Baby Little Home Malé,Parco Giochi Comunale,Parco Giochi Malè - 38027 Malé,"46,3509637","10,9159845",
Baby Little Home Caldes,Parco Giochi Comunale,Località Contre - 38022 Caldes,"46,3616167","10,9433667",
Baby Little Home Bocenago,Parco Giochi Comunale,Via Ferrazza - Bocenago,46.119.968,10.759.667,
Baby Little Home Sabbioni,Spiaggia Sabbioni,Via Filzi - Riva del Garda,45.881.494,10.849.146,"La baby home è attrezzata con poltrona per allattamento, fasciatoio, tavolino da gioco, scalda biberon, bollitore, cestino per i pannolini, dispenser igienizzatori e teli monouso. Un ottimo “rifugio” per i genitori che si devono occupare dei figli quando sono lontani da casa"
Baby Little Home Porta Orientale,Giardini di Porta Orientale,Via Giardini di Porta Orientale - 38066 Riva del Garda,45.884.228,10.843.773,"La baby home è attrezzata con poltrona per allattamento, fasciatoio, tavolino da gioco, scalda biberon, bollitore, cestino per i pannolini, dispenser igienizzatori e teli monouso. Un ottimo “rifugio” per i genitori che si devono occupare dei figli quando sono lontani da casa"
